[
  {
    "model": "accounts.user",
    "pk": 1,
    "fields": {
      "password": "pbkdf2_sha256$1200000$b6crixE9MdS2nLJHMHoyBY$GWlbMJ43E4KyKPQFuCUCWvsrC+Ll0L/GSclNM0WFtyk=",
      "last_login": "2026-03-07T06:56:03.336Z",
      "is_superuser": true,
      "username": "ace",
      "email": "acy995kim@gmail.com",
      "role": "ADMIN",
      "status": "ACTIVE",
      "is_active": true,
      "is_staff": true,
      "created_at": "2026-01-18T06:57:26.274Z",
      "updated_at": "2026-01-18T06:57:26.709Z",
      "groups": [],
      "user_permissions": []
    }
  },
  {
    "model": "accounts.user",
    "pk": 2,
    "fields": {
      "password": "pbkdf2_sha256$1200000$Rpb7jZqrd2YqgiBvGNOexI$Bh0m5lwqSlR+vGQjKgZS08Vfy3pc2E76HQf0taYF2Uk=",
      "last_login": "2026-01-18T09:26:40.607Z",
      "is_superuser": false,
      "username": "parent1",
      "email": "parent1@mail.com",
      "role": "PARENT_STUDENT",
      "status": "ACTIVE",
      "is_active": true,
      "is_staff": false,
      "created_at": "2026-01-18T06:58:50.085Z",
      "updated_at": "2026-01-18T06:58:50.520Z",
      "groups": [],
      "user_permissions": []
    }
  },
  {
    "model": "accounts.user",
    "pk": 3,
    "fields": {
      "password": "pbkdf2_sha256$1200000$YIDgZGZax9mV5QkkC54Uk0$DZNqsBLhctwvR7V2sDZxwRRF90cF677y3DCXUntdRVs=",
      "last_login": "2026-02-17T18:10:14.442Z",
      "is_superuser": false,
      "username": "ZeckAkali",
      "email": "ral531715@gmail.com",
      "role": "ADMIN",
      "status": "ACTIVE",
      "is_active": true,
      "is_staff": true,
      "created_at": "2026-01-26T14:51:21Z",
      "updated_at": "2026-02-16T08:48:32.182Z",
      "groups": [],
      "user_permissions": [
        48
      ]
    }
  },
  {
    "model": "accounts.user",
    "pk": 5,
    "fields": {
      "password": "pbkdf2_sha256$1200000$CgyYnyFRmPWa1laymzHW9O$VmRHjEQ1eP7vWqdKV1pbvogy8hqPEGblOrU/SiFzqBE=",
      "last_login": null,
      "is_superuser": false,
      "username": "Vincy Gam",
      "email": "VincyGam@gmail.com",
      "role": "PARENT_STUDENT",
      "status": "ACTIVE",
      "is_active": true,
      "is_staff": false,
      "created_at": "2026-01-28T14:42:25.457Z",
      "updated_at": "2026-01-28T14:42:25.910Z",
      "groups": [],
      "user_permissions": []
    }
  },
  {
    "model": "accounts.user",
    "pk": 6,
    "fields": {
      "password": "pbkdf2_sha256$1200000$i9OExkHgmvVKLgbDvHsbEE$EHAi0XJcPPqtoA7HP/XpyUDNs1yaAg2LvFxTqWnb8aM=",
      "last_login": "2026-03-05T16:02:19.273Z",
      "is_superuser": false,
      "username": "parent_jane",
      "email": "jane.parent@example.com",
      "role": "PARENT_STUDENT",
      "status": "ACTIVE",
      "is_active": true,
      "is_staff": false,
      "created_at": "2026-01-28T14:44:50.156Z",
      "updated_at": "2026-01-28T14:44:50.598Z",
      "groups": [],
      "user_permissions": []
    }
  },
  {
    "model": "accounts.user",
    "pk": 7,
    "fields": {
      "password": "pbkdf2_sha256$1200000$t8fUxCgtCSHyrjzxACJuNO$lyVNAlFZTRD1qB5hizrjwiK/wrH75t6o/CmrTLKH/bs=",
      "last_login": "2026-02-17T17:58:28.667Z",
      "is_superuser": false,
      "username": "teacher_smith",
      "email": "smith@example.com",
      "role": "TEACHER",
      "status": "ACTIVE",
      "is_active": true,
      "is_staff": false,
      "created_at": "2026-01-28T16:18:39.558Z",
      "updated_at": "2026-01-28T16:18:39.998Z",
      "groups": [],
      "user_permissions": []
    }
  },
  {
    "model": "accounts.user",
    "pk": 8,
    "fields": {
      "password": "",
      "last_login": null,
      "is_superuser": false,
      "username": "public_user",
      "email": "public@school.com",
      "role": "PUBLIC",
      "status": "ACTIVE",
      "is_active": true,
      "is_staff": false,
      "created_at": "2026-02-15T12:34:29.818Z",
      "updated_at": "2026-02-15T12:34:29.818Z",
      "groups": [],
      "user_permissions": []
    }
  },
  {
    "model": "accounts.user",
    "pk": 12,
    "fields": {
      "password": "!QDKk23vfHAJWQtqOJF7NiEWBFT6o8t36P7gkhm0Q",
      "last_login": null,
      "is_superuser": false,
      "username": "daphylozana",
      "email": "ral53115@gmail.com",
      "role": "PARENT_STUDENT",
      "status": "ACTIVE",
      "is_active": true,
      "is_staff": false,
      "created_at": "2026-02-16T12:42:57.006Z",
      "updated_at": "2026-02-16T16:54:48.529Z",
      "groups": [],
      "user_permissions": []
    }
  },
  {
    "model": "accounts.user",
    "pk": 13,
    "fields": {
      "password": "!Z0W5F4D0OO3RX3J99fKcoQlwc6CTtyLdcU9BZ5qQ",
      "last_login": null,
      "is_superuser": false,
      "username": "maryantonnet",
      "email": "ral222314@gmail.com",
      "role": "PARENT_STUDENT",
      "status": "ACTIVE",
      "is_active": true,
      "is_staff": false,
      "created_at": "2026-02-16T15:29:40.523Z",
      "updated_at": "2026-02-16T16:54:25.272Z",
      "groups": [],
      "user_permissions": []
    }
  },
  {
    "model": "accounts.user",
    "pk": 14,
    "fields": {
      "password": "pbkdf2_sha256$1200000$q53qIzrj63vOJxIhPAR0hO$bckZXkUvXJLq52IcECxoxPIp/IVZ73fQmaHtSwtsA6w=",
      "last_login": "2026-03-05T16:02:33.404Z",
      "is_superuser": false,
      "username": "paoogma",
      "email": "ral531712@gmail.com",
      "role": "PARENT_STUDENT",
      "status": "ACTIVE",
      "is_active": true,
      "is_staff": false,
      "created_at": "2026-02-17T07:05:22.274Z",
      "updated_at": "2026-02-17T07:05:57.043Z",
      "groups": [],
      "user_permissions": []
    }
  },
  {
    "model": "accounts.user",
    "pk": 15,
    "fields": {
      "password": "pbkdf2_sha256$1200000$Ou3CfbjZU3OaS0M9gKdGdb$I23c3ynGxHE41XwkcqvcSLqqV4wk5VRubGwvWVXqLh8=",
      "last_login": "2026-03-05T15:57:43.487Z",
      "is_superuser": false,
      "username": "Jane_Smith",
      "email": "JaneSmith@gmail.com",
      "role": "TEACHER",
      "status": "ACTIVE",
      "is_active": true,
      "is_staff": false,
      "created_at": "2026-02-28T17:55:33.866Z",
      "updated_at": "2026-02-28T18:33:26.679Z",
      "groups": [],
      "user_permissions": []
    }
  },
  {
    "model": "accounts.user",
    "pk": 16,
    "fields": {
      "password": "!fk6Ry5NH3oOehRzDhSbzWJbbrAY8GZ9Jfe124qk9",
      "last_login": null,
      "is_superuser": false,
      "username": "johndoe",
      "email": "doejohn@gmail.com",
      "role": "PARENT_STUDENT",
      "status": "ACTIVE",
      "is_active": true,
      "is_staff": false,
      "created_at": "2026-02-28T18:14:35.979Z",
      "updated_at": "2026-02-28T18:14:35.979Z",
      "groups": [],
      "user_permissions": []
    }
  },
  {
    "model": "accounts.userprofile",
    "pk": 1,
    "fields": {
      "user": 5,
      "student_first_name": "Mary",
      "student_middle_name": "",
      "student_last_name": "Og",
      "grade_level": "4",
      "lrn": null,
      "student_number": null,
      "payment_mode": null,
      "section": null,
      "parent_first_name": "Vincy",
      "parent_middle_name": "",
      "parent_last_name": "Gam",
      "contact_number": "0123456789",
      "address": "123 Main St"
    }
  },
  {
    "model": "accounts.userprofile",
    "pk": 2,
    "fields": {
      "user": 6,
      "student_first_name": "Johnny",
      "student_middle_name": "",
      "student_last_name": "Doe",
      "grade_level": "4",
      "lrn": null,
      "student_number": null,
      "payment_mode": null,
      "section": null,
      "parent_first_name": "Jane",
      "parent_middle_name": "",
      "parent_last_name": "Doe",
      "contact_number": "0123456789",
      "address": "123 Main St"
    }
  },
  {
    "model": "accounts.userprofile",
    "pk": 3,
    "fields": {
      "user": 12,
      "student_first_name": "daphy",
      "student_middle_name": "Añana",
      "student_last_name": "Lozana",
      "grade_level": "kinder",
      "lrn": null,
      "student_number": null,
      "payment_mode": null,
      "section": null,
      "parent_first_name": "Zeck",
      "parent_middle_name": null,
      "parent_last_name": "a",
      "contact_number": "+639166245137",
      "address": "146 Langka Meycauayan Bulacan"
    }
  },
  {
    "model": "accounts.userprofile",
    "pk": 4,
    "fields": {
      "user": 13,
      "student_first_name": "Mary",
      "student_middle_name": "A",
      "student_last_name": "Antonnet",
      "grade_level": "prek",
      "lrn": "20231107021",
      "student_number": "12",
      "payment_mode": "cash",
      "section": null,
      "parent_first_name": "Mi",
      "parent_middle_name": null,
      "parent_last_name": "lo",
      "contact_number": "09166245138",
      "address": "146 Langka Meycauayan Bulacan"
    }
  },
  {
    "model": "accounts.userprofile",
    "pk": 5,
    "fields": {
      "user": 14,
      "student_first_name": "Pao",
      "student_middle_name": "Ce",
      "student_last_name": "Ogma",
      "grade_level": "grade5",
      "lrn": "65679642634122",
      "student_number": "2026000003",
      "payment_mode": "cash",
      "section": null,
      "parent_first_name": "Fa",
      "parent_middle_name": "",
      "parent_last_name": "",
      "contact_number": "+639111222333",
      "address": "146 Mabolo"
    }
  },
  {
    "model": "accounts.userprofile",
    "pk": 6,
    "fields": {
      "user": 16,
      "student_first_name": "John",
      "student_middle_name": "D",
      "student_last_name": "Doe",
      "grade_level": "prek",
      "lrn": "2023311414",
      "student_number": "2026000002",
      "payment_mode": "cash",
      "section": null,
      "parent_first_name": "Jhon",
      "parent_middle_name": "",
      "parent_last_name": "",
      "contact_number": "+639166245123",
      "address": "121 Medesta"
    }
  },
  {
    "model": "accounts.teacherprofile",
    "pk": 1,
    "fields": {
      "user": 7,
      "subject": 1,
      "section": null,
      "employee_id": ""
    }
  },
  {
    "model": "accounts.teacherprofile",
    "pk": 2,
    "fields": {
      "user": 15,
      "subject": 7,
      "section": 9,
      "employee_id": ""
    }
  },
  {
    "model": "accounts.subject",
    "pk": 1,
    "fields": {
      "name": "Science",
      "code": "SCI101"
    }
  },
  {
    "model": "accounts.subject",
    "pk": 2,
    "fields": {
      "name": "Mathematics",
      "code": "MATH101"
    }
  },
  {
    "model": "accounts.subject",
    "pk": 3,
    "fields": {
      "name": "English",
      "code": "ENG101"
    }
  },
  {
    "model": "accounts.subject",
    "pk": 4,
    "fields": {
      "name": "Filipino",
      "code": "FIL101"
    }
  },
  {
    "model": "accounts.subject",
    "pk": 5,
    "fields": {
      "name": "Araling Panlipunan",
      "code": "AP101"
    }
  },
  {
    "model": "accounts.subject",
    "pk": 6,
    "fields": {
      "name": "MAPEH",
      "code": "MAPEH101"
    }
  },
  {
    "model": "accounts.subject",
    "pk": 7,
    "fields": {
      "name": "TLE",
      "code": "TLE101"
    }
  },
  {
    "model": "accounts.subject",
    "pk": 8,
    "fields": {
      "name": "Values Education",
      "code": "VE101"
    }
  },
  {
    "model": "accounts.subject",
    "pk": 9,
    "fields": {
      "name": "Mema",
      "code": "MEME"
    }
  },
  {
    "model": "accounts.section",
    "pk": 1,
    "fields": {
      "name": "Sampaguita",
      "grade_level": 0,
      "adviser": null
    }
  },
  {
    "model": "accounts.section",
    "pk": 2,
    "fields": {
      "name": "Rose",
      "grade_level": 1,
      "adviser": null
    }
  },
  {
    "model": "accounts.section",
    "pk": 3,
    "fields": {
      "name": "Daisy",
      "grade_level": 1,
      "adviser": null
    }
  },
  {
    "model": "accounts.section",
    "pk": 4,
    "fields": {
      "name": "Sunflower",
      "grade_level": 2,
      "adviser": null
    }
  },
  {
    "model": "accounts.section",
    "pk": 5,
    "fields": {
      "name": "Orchid",
      "grade_level": 2,
      "adviser": null
    }
  },
  {
    "model": "accounts.section",
    "pk": 6,
    "fields": {
      "name": "Lily",
      "grade_level": 3,
      "adviser": null
    }
  },
  {
    "model": "accounts.section",
    "pk": 7,
    "fields": {
      "name": "Jasmine",
      "grade_level": 4,
      "adviser": null
    }
  },
  {
    "model": "accounts.section",
    "pk": 8,
    "fields": {
      "name": "Tulip",
      "grade_level": 5,
      "adviser": null
    }
  },
  {
    "model": "accounts.section",
    "pk": 9,
    "fields": {
      "name": "Carnation",
      "grade_level": 6,
      "adviser": null
    }
  },
  {
    "model": "accounts.section",
    "pk": 10,
    "fields": {
      "name": "FAKER",
      "grade_level": 6,
      "adviser": null
    }
  },
  {
    "model": "accounts.section",
    "pk": 11,
    "fields": {
      "name": "asdasd",
      "grade_level": 1,
      "adviser": null
    }
  },
  {
    "model": "classmanagement.room",
    "pk": 1,
    "fields": {
      "code": "1F-A",
      "name": "First Floor Room A",
      "capacity": 40,
      "is_active": true
    }
  },
  {
    "model": "classmanagement.room",
    "pk": 2,
    "fields": {
      "code": "1F-B",
      "name": "First Floor Room B",
      "capacity": 40,
      "is_active": true
    }
  },
  {
    "model": "classmanagement.room",
    "pk": 3,
    "fields": {
      "code": "2F-A",
      "name": "Second Floor Room A",
      "capacity": 40,
      "is_active": true
    }
  },
  {
    "model": "classmanagement.room",
    "pk": 4,
    "fields": {
      "code": "2F-B",
      "name": "Second Floor Room B",
      "capacity": 40,
      "is_active": true
    }
  },
  {
    "model": "classmanagement.room",
    "pk": 5,
    "fields": {
      "code": "3F-A",
      "name": "Third Floor Room A",
      "capacity": 40,
      "is_active": true
    }
  },
  {
    "model": "classmanagement.room",
    "pk": 6,
    "fields": {
      "code": "3F-B",
      "name": "Third Floor Room B",
      "capacity": 40,
      "is_active": true
    }
  },
  {
    "model": "classmanagement.room",
    "pk": 7,
    "fields": {
      "code": "3F-C",
      "name": "Third Floor Room C",
      "capacity": 35,
      "is_active": true
    }
  },
  {
    "model": "announcements.announcement",
    "pk": 16,
    "fields": {
      "title": "TEST",
      "content": "TEST",
      "target_role": "teachers",
      "publish_date": "2026-02-17T17:04:00Z",
      "created_by": 3,
      "is_active": true,
      "created_at": "2026-02-17T17:04:15.153Z"
    }
  },
  {
    "model": "announcements.announcement",
    "pk": 17,
    "fields": {
      "title": "TEST",
      "content": "TEST",
      "target_role": "parent_student",
      "publish_date": "2026-02-17T17:04:00Z",
      "created_by": 3,
      "is_active": true,
      "created_at": "2026-02-17T17:04:32.120Z"
    }
  },
  {
    "model": "announcements.announcement",
    "pk": 18,
    "fields": {
      "title": "TEST",
      "content": "TEST",
      "target_role": "all",
      "publish_date": "2026-02-17T17:04:00Z",
      "created_by": 3,
      "is_active": true,
      "created_at": "2026-02-17T17:04:58.533Z"
    }
  },
  {
    "model": "announcements.announcementmedia",
    "pk": 9,
    "fields": {
      "announcement": 16,
      "file": "announcements/CESI-cover_C3r5bHJ_wtgnQR6.png",
      "caption": "",
      "uploaded_at": "2026-02-17T17:04:15.158Z"
    }
  },
  {
    "model": "announcements.announcementmedia",
    "pk": 10,
    "fields": {
      "announcement": 17,
      "file": "announcements/CESI-cover_DHEXPUQ_IfqorHh_zEYSjrr.png",
      "caption": "",
      "uploaded_at": "2026-02-17T17:04:32.136Z"
    }
  },
  {
    "model": "announcements.announcementmedia",
    "pk": 11,
    "fields": {
      "announcement": 18,
      "file": "announcements/CESI-cover_bJJT59a.png",
      "caption": "",
      "uploaded_at": "2026-02-17T17:04:58.538Z"
    }
  },
  {
    "model": "enrollment.enrollment",
    "pk": 10,
    "fields": {
      "parent_user": null,
      "student": 8,
      "section": null,
      "grade_level": "grade2",
      "status": "PENDING",
      "academic_year": "2026-2027",
      "student_type": "new",
      "education_level": "elementary",
      "lrn": "32224556656",
      "student_number": null,
      "last_name": "lo",
      "first_name": "za",
      "middle_name": "na",
      "birth_date": "2019-02-17",
      "gender": "male",
      "email": "ra12@gmail.com",
      "address": "18 Honradez, tugatog, Caloocan, Manila, NCR, 1213",
      "religion": "Christian",
      "telephone_number": "",
      "mobile_number": "+639222111333",
      "parent_facebook": "",
      "payment_mode": "cash",
      "enrolled_at": "2026-03-05T17:36:25.625Z",
      "completed_at": null,
      "remarks": "",
      "created_at": "2026-03-05T17:36:25.625Z",
      "updated_at": "2026-03-05T17:36:25.625Z"
    }
  },
  {
    "model": "enrollment.enrollment",
    "pk": 9,
    "fields": {
      "parent_user": 14,
      "student": 8,
      "section": null,
      "grade_level": "grade5",
      "status": "ACTIVE",
      "academic_year": "2026-2027",
      "student_type": "old",
      "education_level": "elementary",
      "lrn": "65679642634122",
      "student_number": "2026000003",
      "last_name": "Ogma",
      "first_name": "PaO",
      "middle_name": "Ce",
      "birth_date": "2017-02-06",
      "gender": "male",
      "email": "ral531712@gmail.com",
      "address": "146 Mabolo",
      "religion": "Catholic",
      "telephone_number": "",
      "mobile_number": "+639111222333",
      "parent_facebook": "",
      "payment_mode": "cash",
      "enrolled_at": "2026-02-28T18:23:12.306Z",
      "completed_at": null,
      "remarks": "APPROVED BY ADMIN",
      "created_at": "2026-02-28T18:23:12.306Z",
      "updated_at": "2026-02-28T18:23:28.954Z"
    }
  },
  {
    "model": "enrollment.enrollment",
    "pk": 8,
    "fields": {
      "parent_user": 16,
      "student": 8,
      "section": null,
      "grade_level": "prek",
      "status": "ACTIVE",
      "academic_year": "2025-2026",
      "student_type": "old",
      "education_level": "preschool",
      "lrn": "2023311414",
      "student_number": "2026000002",
      "last_name": "Doe",
      "first_name": "John",
      "middle_name": "D",
      "birth_date": "2022-09-16",
      "gender": "male",
      "email": "doejohn@gmail.com",
      "address": "121 Medesta",
      "religion": "Christian",
      "telephone_number": "1211414",
      "mobile_number": "+639166245123",
      "parent_facebook": "Facebook",
      "payment_mode": "cash",
      "enrolled_at": "2026-02-28T17:58:00.877Z",
      "completed_at": null,
      "remarks": "Promoted | APPROVED BY ADMIN",
      "created_at": "2026-02-28T17:58:00.877Z",
      "updated_at": "2026-02-28T18:20:49.438Z"
    }
  },
  {
    "model": "enrollment.enrollment",
    "pk": 7,
    "fields": {
      "parent_user": 14,
      "student": 8,
      "section": null,
      "grade_level": "grade4",
      "status": "COMPLETED",
      "academic_year": "2025-2026",
      "student_type": "old",
      "education_level": "elementary",
      "lrn": "65679642634122",
      "student_number": "2026000001",
      "last_name": "Ogma",
      "first_name": "PaO",
      "middle_name": "Ce",
      "birth_date": "2018-02-06",
      "gender": "male",
      "email": "ral531712@gmail.com",
      "address": "146 Mabolo",
      "religion": "Catholic",
      "telephone_number": "",
      "mobile_number": "+639111222333",
      "parent_facebook": "",
      "payment_mode": "installment",
      "enrolled_at": "2026-02-17T07:03:21.837Z",
      "completed_at": null,
      "remarks": "APPROVED BY ADMIN",
      "created_at": "2026-02-17T07:03:21.837Z",
      "updated_at": "2026-02-28T18:01:08.318Z"
    }
  },
  {
    "model": "enrollment.enrollment",
    "pk": 6,
    "fields": {
      "parent_user": 12,
      "student": 8,
      "section": null,
      "grade_level": "prek",
      "status": "ACTIVE",
      "academic_year": "2025-2026",
      "student_type": "new",
      "education_level": "preschool",
      "lrn": "20231107022",
      "student_number": "123",
      "last_name": "Lozana",
      "first_name": "daphy",
      "middle_name": "Añana",
      "birth_date": "2022-02-09",
      "gender": "male",
      "email": "Ral53115@gmail.com",
      "address": "146 Langka Meycauayan Bulacan",
      "religion": "Catholic",
      "telephone_number": "",
      "mobile_number": "+639166245137",
      "parent_facebook": "https://www.facebook.com/behide.mask/",
      "payment_mode": "installment",
      "enrolled_at": "2026-02-16T12:42:06.908Z",
      "completed_at": null,
      "remarks": "APPROVED BY ADMIN | APPROVED BY ADMIN | APPROVED BY ADMIN | APPROVED BY ADMIN | APPROVED BY ADMIN | APPROVED BY ADMIN | APPROVED BY ADMIN",
      "created_at": "2026-02-16T12:42:06.908Z",
      "updated_at": "2026-02-16T15:57:13.342Z"
    }
  },
  {
    "model": "enrollment.enrollment",
    "pk": 4,
    "fields": {
      "parent_user": null,
      "student": 8,
      "section": null,
      "grade_level": "kinder",
      "status": "ACTIVE",
      "academic_year": "2024-2025",
      "student_type": "old",
      "education_level": "preschool",
      "lrn": "2023311414",
      "student_number": "1243",
      "last_name": "Doe",
      "first_name": "John",
      "middle_name": "D",
      "birth_date": "2025-09-16",
      "gender": "male",
      "email": "doejohn@gmail.com",
      "address": "121 Medesta",
      "religion": "Christian",
      "telephone_number": "1211414",
      "mobile_number": "+639166245123",
      "parent_facebook": "Facebook",
      "payment_mode": "cash",
      "enrolled_at": "2026-02-15T16:06:57.192Z",
      "completed_at": null,
      "remarks": "APPROVED BY ADMIN | APPROVED BY ADMIN | APPROVED BY ADMIN | APPROVED BY ADMIN | APPROVED BY ADMIN",
      "created_at": "2026-02-15T16:06:57.192Z",
      "updated_at": "2026-02-16T09:16:27.774Z"
    }
  },
  {
    "model": "enrollment.enrollment",
    "pk": 3,
    "fields": {
      "parent_user": null,
      "student": 8,
      "section": null,
      "grade_level": "grade1",
      "status": "ACTIVE",
      "academic_year": "2025-2026",
      "student_type": "old",
      "education_level": "elementary",
      "lrn": "20231107021",
      "student_number": null,
      "last_name": "Nario",
      "first_name": "Resti",
      "middle_name": "Mari",
      "birth_date": "2026-02-05",
      "gender": "male",
      "email": "ral231715@gmail.com",
      "address": "146 Langka Meycauayan Bulacan",
      "religion": "Catholic",
      "telephone_number": "12121212",
      "mobile_number": "09166245139",
      "parent_facebook": "https://www.facebook.com/behide.mask/",
      "payment_mode": "installment",
      "enrolled_at": "2026-02-15T15:06:38.471Z",
      "completed_at": null,
      "remarks": "APPROVED BY ADMIN",
      "created_at": "2026-02-15T15:06:38.471Z",
      "updated_at": "2026-02-16T09:30:51.702Z"
    }
  },
  {
    "model": "enrollment.enrollment",
    "pk": 2,
    "fields": {
      "parent_user": 13,
      "student": 8,
      "section": null,
      "grade_level": "grade4",
      "status": "ACTIVE",
      "academic_year": "2024-2025",
      "student_type": "old",
      "education_level": "elementary",
      "lrn": "20231107021",
      "student_number": "12",
      "last_name": "Antonnet",
      "first_name": "Mary",
      "middle_name": "A",
      "birth_date": "2026-02-16",
      "gender": "male",
      "email": "ral222314@gmail.com",
      "address": "146 Langka Meycauayan Bulacan",
      "religion": "catholic",
      "telephone_number": "",
      "mobile_number": "09166245138",
      "parent_facebook": "https://www.facebook.com/behide.mask/",
      "payment_mode": "cash",
      "enrolled_at": "2026-02-15T14:04:32.745Z",
      "completed_at": null,
      "remarks": "APPROVED BY ADMIN",
      "created_at": "2026-02-15T14:04:32.745Z",
      "updated_at": "2026-02-16T15:29:40.521Z"
    }
  }
]