[{"model": "announcements.announcementmedia", "pk": 9, "fields": {"announcement": 16, "file": "announcements/CESI-cover_C3r5bHJ_wtgnQR6.png", "caption": "", "uploaded_at": "2026-02-17T17:04:15.158Z"}}, {"model": "announcements.announcementmedia", "pk": 10, "fields": {"announcement": 17, "file": "announcements/CESI-cover_DHEXPUQ_IfqorHh_zEYSjrr.png", "caption": "", "uploaded_at": "2026-02-17T17:04:32.136Z"}}, {"model": "announcements.announcementmedia", "pk": 11, "fields": {"announcement": 18, "file": "announcements/CESI-cover_bJJT59a.png", "caption": "", "uploaded_at": "2026-02-17T17:04:58.538Z"}}, {"model": "accounts.user", "fields": {"password": "pbkdf2_sha256$1200000$b6crixE9MdS2nLJHMHoyBY$GWlbMJ43E4KyKPQFuCUCWvsrC+Ll0L/GSclNM0WFtyk=", "last_login": "2026-02-17T16:23:14.477Z", "is_superuser": true, "username": "ace", "email": "acy995kim@gmail.com", "role": "ADMIN", "status": "ACTIVE", "is_active": true, "is_staff": true, "created_at": "2026-01-18T06:57:26.274Z", "updated_at": "2026-01-18T06:57:26.709Z", "groups": [], "user_permissions": []}}, {"model": "accounts.user", "fields": {"password": "pbkdf2_sha256$1200000$Rpb7jZqrd2YqgiBvGNOexI$Bh0m5lwqSlR+vGQjKgZS08Vfy3pc2E76HQf0taYF2Uk=", "last_login": "2026-01-18T09:26:40.607Z", "is_superuser": false, "username": "parent1", "email": "parent1@mail.com", "role": "PARENT_STUDENT", "status": "ACTIVE", "is_active": true, "is_staff": false, "created_at": "2026-01-18T06:58:50.085Z", "updated_at": "2026-01-18T06:58:50.520Z", "groups": [], "user_permissions": []}}, {"model": "accounts.user", "fields": {"password": "pbkdf2_sha256$1200000$YIDgZGZax9mV5QkkC54Uk0$DZNqsBLhctwvR7V2sDZxwRRF90cF677y3DCXUntdRVs=", "last_login": "2026-02-17T18:10:14.442Z", "is_superuser": false, "username": "ZeckAkali", "email": "ral531715@gmail.com", "role": "ADMIN", "status": "ACTIVE", "is_active": true, "is_staff": true, "created_at": "2026-01-26T14:51:21Z", "updated_at": "2026-02-16T08:48:32.182Z", "groups": [], "user_permissions": [["view_userprofile", "accounts", "userprofile"]]}}, {"model": "accounts.user", "fields": {"password": "pbkdf2_sha256$1200000$CgyYnyFRmPWa1laymzHW9O$VmRHjEQ1eP7vWqdKV1pbvogy8hqPEGblOrU/SiFzqBE=", "last_login": null, "is_superuser": false, "username": "Vincy Gam", "email": "VincyGam@gmail.com", "role": "PARENT_STUDENT", "status": "ACTIVE", "is_active": true, "is_staff": false, "created_at": "2026-01-28T14:42:25.457Z", "updated_at": "2026-01-28T14:42:25.910Z", "groups": [], "user_permissions": []}}, {"model": "accounts.user", "fields": {"password": "pbkdf2_sha256$1200000$i9OExkHgmvVKLgbDvHsbEE$EHAi0XJcPPqtoA7HP/XpyUDNs1yaAg2LvFxTqWnb8aM=", "last_login": "2026-02-17T17:58:19.714Z", "is_superuser": false, "username": "parent_jane", "email": "jane.parent@example.com", "role": "PARENT_STUDENT", "status": "ACTIVE", "is_active": true, "is_staff": false, "created_at": "2026-01-28T14:44:50.156Z", "updated_at": "2026-01-28T14:44:50.598Z", "groups": [], "user_permissions": []}}, {"model": "accounts.user", "fields": {"password": "pbkdf2_sha256$1200000$t8fUxCgtCSHyrjzxACJuNO$lyVNAlFZTRD1qB5hizrjwiK/wrH75t6o/CmrTLKH/bs=", "last_login": "2026-02-17T17:58:28.667Z", "is_superuser": false, "username": "teacher_smith", "email": "smith@example.com", "role": "TEACHER", "status": "ACTIVE", "is_active": true, "is_staff": false, "created_at": "2026-01-28T16:18:39.558Z", "updated_at": "2026-01-28T16:18:39.998Z", "groups": [], "user_permissions": []}}, {"model": "accounts.user", "fields": {"password": "", "last_login": null, "is_superuser": false, "username": "public_user", "email": "public@school.com", "role": "PUBLIC", "status": "ACTIVE", "is_active": true, "is_staff": false, "created_at": "2026-02-15T12:34:29.818Z", "updated_at": "2026-02-15T12:34:29.818Z", "groups": [], "user_permissions": []}}, {"model": "accounts.user", "fields": {"password": "!QDKk23vfHAJWQtqOJF7NiEWBFT6o8t36P7gkhm0Q", "last_login": null, "is_superuser": false, "username": "daphylozana", "email": "ral53115@gmail.com", "role": "PARENT_STUDENT", "status": "ACTIVE", "is_active": true, "is_staff": false, "created_at": "2026-02-16T12:42:57.006Z", "updated_at": "2026-02-16T16:54:48.529Z", "groups": [], "user_permissions": []}}, {"model": "accounts.user", "fields": {"password": "!Z0W5F4D0OO3RX3J99fKcoQlwc6CTtyLdcU9BZ5qQ", "last_login": null, "is_superuser": false, "username": "maryantonnet", "email": "ral222314@gmail.com", "role": "PARENT_STUDENT", "status": "ACTIVE", "is_active": true, "is_staff": false, "created_at": "2026-02-16T15:29:40.523Z", "updated_at": "2026-02-16T16:54:25.272Z", "groups": [], "user_permissions": []}}, {"model": "accounts.user", "fields": {"password": "pbkdf2_sha256$1200000$q53qIzrj63vOJxIhPAR0hO$bckZXkUvXJLq52IcECxoxPIp/IVZ73fQmaHtSwtsA6w=", "last_login": "2026-02-17T18:04:15.687Z", "is_superuser": false, "username": "paoogma", "email": "ral531712@gmail.com", "role": "PARENT_STUDENT", "status": "ACTIVE", "is_active": true, "is_staff": false, "created_at": "2026-02-17T07:05:22.274Z", "updated_at": "2026-02-17T07:05:57.043Z", "groups": [], "user_permissions": []}}, {"model": "accounts.subject", "pk": 1, "fields": {"name": "Science", "code": "SCI101"}}, {"model": "accounts.subject", "pk": 2, "fields": {"name": "Mathematics", "code": "MATH101"}}, {"model": "accounts.subject", "pk": 3, "fields": {"name": "English", "code": "ENG101"}}, {"model": "accounts.subject", "pk": 4, "fields": {"name": "Filipino", "code": "FIL101"}}, {"model": "accounts.subject", "pk": 5, "fields": {"name": "Araling Panlipunan", "code": "AP101"}}, {"model": "accounts.subject", "pk": 6, "fields": {"name": "MAPEH", "code": "MAPEH101"}}, {"model": "accounts.subject", "pk": 7, "fields": {"name": "TLE", "code": "TLE101"}}, {"model": "accounts.subject", "pk": 8, "fields": {"name": "Values Education", "code": "VE101"}}, {"model": "accounts.subject", "pk": 9, "fields": {"name": "Mema", "code": "MEME"}}, {"model": "accounts.section", "pk": 1, "fields": {"name": "Sampaguita", "grade_level": 0, "adviser": null}}, {"model": "accounts.section", "pk": 2, "fields": {"name": "Rose", "grade_level": 1, "adviser": null}}, {"model": "accounts.section", "pk": 3, "fields": {"name": "Daisy", "grade_level": 1, "adviser": null}}, {"model": "accounts.section", "pk": 4, "fields": {"name": "Sunflower", "grade_level": 2, "adviser": null}}, {"model": "accounts.section", "pk": 5, "fields": {"name": "Orchid", "grade_level": 2, "adviser": null}}, {"model": "accounts.section", "pk": 6, "fields": {"name": "Lily", "grade_level": 3, "adviser": null}}, {"model": "accounts.section", "pk": 7, "fields": {"name": "Jasmine", "grade_level": 4, "adviser": null}}, {"model": "accounts.section", "pk": 8, "fields": {"name": "Tulip", "grade_level": 5, "adviser": null}}, {"model": "accounts.section", "pk": 9, "fields": {"name": "Carnation", "grade_level": 6, "adviser": null}}, {"model": "accounts.userprofile", "pk": 1, "fields": {"user": ["Vincy Gam"], "student_first_name": "Mary", "student_middle_name": "", "student_last_name": "Og", "grade_level": "4", "lrn": null, "student_number": null, "payment_mode": null, "section": null, "parent_first_name": "Vincy", "parent_middle_name": "", "parent_last_name": "Gam", "contact_number": "0123456789", "address": "123 Main St"}}, {"model": "accounts.userprofile", "pk": 2, "fields": {"user": ["parent_jane"], "student_first_name": "Johnny", "student_middle_name": "", "student_last_name": "Doe", "grade_level": "4", "lrn": null, "student_number": null, "payment_mode": null, "section": null, "parent_first_name": "Jane", "parent_middle_name": "", "parent_last_name": "Doe", "contact_number": "0123456789", "address": "123 Main St"}}, {"model": "accounts.userprofile", "pk": 3, "fields": {"user": ["daphylozana"], "student_first_name": "daphy", "student_middle_name": "Añana", "student_last_name": "Lozana", "grade_level": "kinder", "lrn": null, "student_number": null, "payment_mode": null, "section": null, "parent_first_name": "Zeck", "parent_middle_name": null, "parent_last_name": "a", "contact_number": "+639166245137", "address": "146 Langka Meycauayan Bulacan"}}, {"model": "accounts.userprofile", "pk": 4, "fields": {"user": ["maryantonnet"], "student_first_name": "Mary", "student_middle_name": "A", "student_last_name": "Antonnet", "grade_level": "prek", "lrn": "20231107021", "student_number": "12", "payment_mode": "cash", "section": null, "parent_first_name": "Mi", "parent_middle_name": null, "parent_last_name": "lo", "contact_number": "09166245138", "address": "146 Langka Meycauayan Bulacan"}}, {"model": "accounts.userprofile", "pk": 5, "fields": {"user": ["paoogma"], "student_first_name": "Pao", "student_middle_name": "Ce", "student_last_name": "Ogma", "grade_level": "grade3", "lrn": "65679642634122", "student_number": "2026000001", "payment_mode": "installment", "section": null, "parent_first_name": "Fa", "parent_middle_name": "", "parent_last_name": "", "contact_number": "+639111222333", "address": "146 Mabolo"}}, {"model": "accounts.teacherprofile", "pk": 1, "fields": {"user": ["teacher_smith"], "subject": 1, "section": null, "employee_id": ""}}, {"model": "enrollment.enrollment", "pk": 2, "fields": {"parent_user": ["maryantonnet"], "student": ["public_user"], "section": null, "grade_level": "grade4", "status": "ACTIVE", "academic_year": "2024-2025", "student_type": "old", "education_level": "elementary", "lrn": "20231107021", "student_number": "12", "last_name": "Antonnet", "first_name": "Mary", "middle_name": "A", "birth_date": "2026-02-16", "gender": "male", "email": "ral222314@gmail.com", "address": "146 Langka Meycauayan Bulacan", "religion": "catholic", "telephone_number": "", "mobile_number": "09166245138", "parent_facebook": "https://www.facebook.com/behide.mask/", "payment_mode": "cash", "enrolled_at": "2026-02-15T14:04:32.745Z", "completed_at": null, "remarks": "APPROVED BY ADMIN", "created_at": "2026-02-15T14:04:32.745Z", "updated_at": "2026-02-16T15:29:40.521Z"}}, {"model": "enrollment.enrollment", "pk": 3, "fields": {"parent_user": null, "student": ["public_user"], "section": null, "grade_level": "grade1", "status": "ACTIVE", "academic_year": "2025-2026", "student_type": "old", "education_level": "elementary", "lrn": "20231107021", "student_number": null, "last_name": "Nario", "first_name": "Resti", "middle_name": "Mari", "birth_date": "2026-02-05", "gender": "male", "email": "ral231715@gmail.com", "address": "146 Langka Meycauayan Bulacan", "religion": "Catholic", "telephone_number": "12121212", "mobile_number": "09166245139", "parent_facebook": "https://www.facebook.com/behide.mask/", "payment_mode": "installment", "enrolled_at": "2026-02-15T15:06:38.471Z", "completed_at": null, "remarks": "APPROVED BY ADMIN", "created_at": "2026-02-15T15:06:38.471Z", "updated_at": "2026-02-16T09:30:51.702Z"}}, {"model": "enrollment.enrollment", "pk": 4, "fields": {"parent_user": null, "student": ["public_user"], "section": null, "grade_level": "kinder", "status": "ACTIVE", "academic_year": "2024-2025", "student_type": "old", "education_level": "preschool", "lrn": "2023311414", "student_number": "1243", "last_name": "Doe", "first_name": "John", "middle_name": "D", "birth_date": "2025-09-16", "gender": "male", "email": "doejohn@gmail.com", "address": "121 Medesta", "religion": "Christian", "telephone_number": "1211414", "mobile_number": "+639166245123", "parent_facebook": "Facebook", "payment_mode": "cash", "enrolled_at": "2026-02-15T16:06:57.192Z", "completed_at": null, "remarks": "APPROVED BY ADMIN | APPROVED BY ADMIN | APPROVED BY ADMIN | APPROVED BY ADMIN | APPROVED BY ADMIN", "created_at": "2026-02-15T16:06:57.192Z", "updated_at": "2026-02-16T09:16:27.774Z"}}, {"model": "enrollment.enrollment", "pk": 6, "fields": {"parent_user": ["daphylozana"], "student": ["public_user"], "section": null, "grade_level": "prek", "status": "ACTIVE", "academic_year": "2025-2026", "student_type": "new", "education_level": "preschool", "lrn": "20231107022", "student_number": "123", "last_name": "Lozana", "first_name": "daphy", "middle_name": "Añana", "birth_date": "2022-02-09", "gender": "male", "email": "Ral53115@gmail.com", "address": "146 Langka Meycauayan Bulacan", "religion": "Catholic", "telephone_number": "", "mobile_number": "+639166245137", "parent_facebook": "https://www.facebook.com/behide.mask/", "payment_mode": "installment", "enrolled_at": "2026-02-16T12:42:06.908Z", "completed_at": null, "remarks": "APPROVED BY ADMIN | APPROVED BY ADMIN | APPROVED BY ADMIN | APPROVED BY ADMIN | APPROVED BY ADMIN | APPROVED BY ADMIN | APPROVED BY ADMIN", "created_at": "2026-02-16T12:42:06.908Z", "updated_at": "2026-02-16T15:57:13.342Z"}}, {"model": "enrollment.enrollment", "pk": 7, "fields": {"parent_user": ["paoogma"], "student": ["public_user"], "section": null, "grade_level": "grade3", "status": "ACTIVE", "academic_year": "2025-2026", "student_type": "old", "education_level": "elementary", "lrn": "65679642634122", "student_number": "2026000001", "last_name": "Ogma", "first_name": "Pao", "middle_name": "Ce", "birth_date": "2018-02-06", "gender": "male", "email": "ral531712@gmail.com", "address": "146 Mabolo", "religion": "Catholic", "telephone_number": "", "mobile_number": "+639111222333", "parent_facebook": "", "payment_mode": "installment", "enrolled_at": "2026-02-17T07:03:21.837Z", "completed_at": null, "remarks": "APPROVED BY ADMIN", "created_at": "2026-02-17T07:03:21.837Z", "updated_at": "2026-02-17T07:05:22.273Z"}}, {"model": "enrollment.parentinfo", "pk": 1, "fields": {"enrollment": 2, "father_name": "Ry", "father_contact": "0916625138", "father_occupation": "Teacher", "mother_name": "Mi", "mother_contact": "09166245138", "mother_occupation": "Teacher", "guardian_name": "", "guardian_contact": "", "guardian_relationship": ""}}, {"model": "enrollment.parentinfo", "pk": 2, "fields": {"enrollment": 3, "father_name": "Ri", "father_contact": "09821434123", "father_occupation": "", "mother_name": "", "mother_contact": "", "mother_occupation": "", "guardian_name": "", "guardian_contact": "", "guardian_relationship": ""}}, {"model": "enrollment.parentinfo", "pk": 3, "fields": {"enrollment": 4, "father_name": "Jhon", "father_contact": "09166245134", "father_occupation": "Worker", "mother_name": "", "mother_contact": "", "mother_occupation": "", "guardian_name": "", "guardian_contact": "", "guardian_relationship": ""}}, {"model": "enrollment.parentinfo", "pk": 6, "fields": {"enrollment": 6, "father_name": "", "father_contact": "", "father_occupation": "", "mother_name": "", "mother_contact": "", "mother_occupation": "", "guardian_name": "Zeck", "guardian_contact": "09111222333", "guardian_relationship": ""}}, {"model": "enrollment.parentinfo", "pk": 7, "fields": {"enrollment": 7, "father_name": "Fa", "father_contact": "09111333222", "father_occupation": "IT", "mother_name": "", "mother_contact": "", "mother_occupation": "", "guardian_name": "", "guardian_contact": "", "guardian_relationship": ""}}, {"model": "finance.transaction", "pk": 1, "fields": {"parent": ["parent1"], "student_name": "Parent_jane", "transaction_type": "REGISTRATION", "amount": "10.00", "description": "utang mo boi", "payment_method": "CASH", "reference_number": "CESI-2026-00001", "due_date": "2026-02-13", "date_created": "2026-02-12T16:56:21.048Z", "status": "OVERDUE"}}, {"model": "finance.transaction", "pk": 2, "fields": {"parent": ["parent_jane"], "student_name": "Johnny Doe", "transaction_type": "REGISTRATION", "amount": "1200.00", "description": "asdasd", "payment_method": "CASH", "reference_number": "CESI-2026-00002", "due_date": "2026-02-14", "date_created": "2026-02-08T06:37:43.901Z", "status": "PENDING"}}, {"model": "finance.transaction", "pk": 3, "fields": {"parent": ["Vincy Gam"], "student_name": "Mary Og", "transaction_type": "MISC", "amount": "30000.00", "description": "asd", "payment_method": "GCASH", "reference_number": "CESI-2026-00003", "due_date": "2026-02-14", "date_created": "2026-02-08T06:52:02.972Z", "status": "OVERDUE"}}, {"model": "finance.transaction", "pk": 5, "fields": {"parent": ["Vincy Gam"], "student_name": "Mary Og", "transaction_type": "TUITION", "amount": "5400000.00", "description": "try out", "payment_method": "BANK_TRANSFER", "reference_number": "CESI-2026-00004", "due_date": "2026-02-09", "date_created": "2026-02-09T03:46:41.888Z", "status": "PAID"}}, {"model": "finance.transaction", "pk": 6, "fields": {"parent": ["parent_jane"], "student_name": "Johnny Doe", "transaction_type": "TUITION", "amount": "69420.00", "description": "asdasd", "payment_method": "BANK_TRANSFER", "reference_number": "CESI-2026-00006", "due_date": "2026-02-21", "date_created": "2026-02-09T03:47:02.770Z", "status": "PAID"}}, {"model": "finance.transaction", "pk": 7, "fields": {"parent": ["parent_jane"], "student_name": "Johnny Doe", "transaction_type": "TUITION", "amount": "34344.00", "description": "aaa", "payment_method": "CASH", "reference_number": "CESI-2026-00007", "due_date": "2026-02-14", "date_created": "2026-02-09T04:42:59.991Z", "status": "PENDING"}}, {"model": "finance.transaction", "pk": 8, "fields": {"parent": ["parent1"], "student_name": "Parent_jane", "transaction_type": "REGISTRATION", "amount": "0.01", "description": "", "payment_method": "BANK_TRANSFER", "reference_number": "CESI-2026-00008", "due_date": "2026-02-13", "date_created": "2026-02-12T17:53:03.243Z", "status": "PENDING"}}, {"model": "finance.transaction", "pk": 9, "fields": {"parent": ["paoogma"], "student_name": "Pao Ogma", "transaction_type": "TUITION", "amount": "10.00", "description": "test", "payment_method": "CASH", "reference_number": "CESI-2026-00009", "due_date": "2026-02-11", "date_created": "2026-02-17T11:54:47.376Z", "status": "PENDING"}}, {"model": "grades.gradeweight", "pk": 1, "fields": {"subject": 1, "activity_weight": 40, "quiz_weight": 30, "exam_weight": 20, "class_standing_weight": 10}}, {"model": "grades.gradeitem", "pk": 1, "fields": {"teacher": ["teacher_smith"], "subject": 1, "grade_level": 4, "quarter": 1, "category": "ACTIVITY", "title": "Activity 1", "description": "simple activity, introduce yourself to the class show hobbies you like etc", "date_given": "2026-02-08", "due_date": "2026-02-09", "total_score": 30, "order": 0, "created_at": "2026-02-08T07:30:05.442Z"}}, {"model": "grades.gradeitem", "pk": 2, "fields": {"teacher": ["teacher_smith"], "subject": 1, "grade_level": 4, "quarter": 1, "category": "ACTIVITY", "title": "Activity 2", "description": "experiment, everyone must perform", "date_given": "2026-02-09", "due_date": "2026-02-09", "total_score": 100, "order": 1, "created_at": "2026-02-08T07:30:33.217Z"}}, {"model": "grades.gradeitem", "pk": 3, "fields": {"teacher": ["teacher_smith"], "subject": 1, "grade_level": 4, "quarter": 1, "category": "QUIZ", "title": "Quiz 1", "description": "lesson 1 quiz chapter 1-2 or page 7-23 in the science textbook", "date_given": null, "due_date": null, "total_score": 20, "order": 0, "created_at": "2026-02-08T07:31:21.962Z"}}, {"model": "grades.gradeitem", "pk": 4, "fields": {"teacher": ["teacher_smith"], "subject": 1, "grade_level": 4, "quarter": 1, "category": "QUIZ", "title": "Quiz 2", "description": "page 33-45", "date_given": "2026-02-09", "due_date": "2026-02-09", "total_score": 100, "order": 1, "created_at": "2026-02-09T04:02:42.914Z"}}, {"model": "grades.gradeitem", "pk": 5, "fields": {"teacher": ["teacher_smith"], "subject": 1, "grade_level": 4, "quarter": 1, "category": "ACTIVITY", "title": "Activity 3", "description": "", "date_given": null, "due_date": null, "total_score": 100, "order": 2, "created_at": "2026-02-09T04:04:59.682Z"}}, {"model": "grades.gradeitem", "pk": 6, "fields": {"teacher": ["teacher_smith"], "subject": 1, "grade_level": 4, "quarter": 1, "category": "EXAM", "title": "Q1 Exams", "description": "bruh", "date_given": "2026-02-09", "due_date": "2026-02-09", "total_score": 50, "order": 0, "created_at": "2026-02-09T04:06:57.828Z"}}, {"model": "grades.gradeitem", "pk": 7, "fields": {"teacher": ["teacher_smith"], "subject": 1, "grade_level": 4, "quarter": 2, "category": "ACTIVITY", "title": "Activity 1", "description": "aaa", "date_given": null, "due_date": "2026-02-11", "total_score": 10, "order": 0, "created_at": "2026-02-09T04:45:49.729Z"}}, {"model": "grades.gradeitem", "pk": 8, "fields": {"teacher": ["teacher_smith"], "subject": 1, "grade_level": 4, "quarter": 2, "category": "QUIZ", "title": "Quiz 1", "description": "aaa", "date_given": "2026-02-09", "due_date": "2026-02-09", "total_score": 10, "order": 0, "created_at": "2026-02-09T04:46:30.942Z"}}, {"model": "grades.gradeitem", "pk": 9, "fields": {"teacher": ["teacher_smith"], "subject": 1, "grade_level": 4, "quarter": 2, "category": "EXAM", "title": "Exam 1", "description": "a", "date_given": "2026-02-09", "due_date": "2026-02-09", "total_score": 100, "order": 0, "created_at": "2026-02-09T04:46:49.558Z"}}, {"model": "grades.gradeitem", "pk": 10, "fields": {"teacher": ["teacher_smith"], "subject": 1, "grade_level": 3, "quarter": 2, "category": "QUIZ", "title": "1", "description": "basic knowledge", "date_given": "2026-02-17", "due_date": "2026-02-18", "total_score": 100, "order": 0, "created_at": "2026-02-17T13:39:03.056Z"}}, {"model": "grades.studentscore", "pk": 1, "fields": {"student": ["Vincy Gam"], "grade_item": 1, "score": "30.00", "created_at": "2026-02-08T07:30:10.529Z", "updated_at": "2026-02-08T07:30:10.529Z"}}, {"model": "grades.studentscore", "pk": 2, "fields": {"student": ["parent_jane"], "grade_item": 1, "score": "30.00", "created_at": "2026-02-08T07:30:12.484Z", "updated_at": "2026-02-08T07:30:12.484Z"}}, {"model": "grades.studentscore", "pk": 3, "fields": {"student": ["Vincy Gam"], "grade_item": 2, "score": "100.00", "created_at": "2026-02-08T07:30:36.031Z", "updated_at": "2026-02-08T07:30:36.031Z"}}, {"model": "grades.studentscore", "pk": 4, "fields": {"student": ["parent_jane"], "grade_item": 2, "score": "95.00", "created_at": "2026-02-08T07:30:39.486Z", "updated_at": "2026-02-08T07:30:39.486Z"}}, {"model": "grades.studentscore", "pk": 5, "fields": {"student": ["Vincy Gam"], "grade_item": 3, "score": "15.00", "created_at": "2026-02-08T07:31:41.377Z", "updated_at": "2026-02-08T07:31:41.377Z"}}, {"model": "grades.studentscore", "pk": 6, "fields": {"student": ["parent_jane"], "grade_item": 3, "score": "14.00", "created_at": "2026-02-08T07:31:43.268Z", "updated_at": "2026-02-08T07:31:43.268Z"}}, {"model": "grades.studentscore", "pk": 7, "fields": {"student": ["Vincy Gam"], "grade_item": 4, "score": "75.00", "created_at": "2026-02-09T04:02:52.095Z", "updated_at": "2026-02-09T04:02:52.095Z"}}, {"model": "grades.studentscore", "pk": 8, "fields": {"student": ["parent_jane"], "grade_item": 4, "score": "42.00", "created_at": "2026-02-09T04:03:02.473Z", "updated_at": "2026-02-09T04:03:02.473Z"}}, {"model": "grades.studentscore", "pk": 9, "fields": {"student": ["Vincy Gam"], "grade_item": 6, "score": "35.00", "created_at": "2026-02-09T04:07:01.577Z", "updated_at": "2026-02-09T04:07:01.578Z"}}, {"model": "grades.studentscore", "pk": 10, "fields": {"student": ["parent_jane"], "grade_item": 6, "score": "45.00", "created_at": "2026-02-09T04:07:04.075Z", "updated_at": "2026-02-09T04:07:04.075Z"}}, {"model": "grades.studentscore", "pk": 11, "fields": {"student": ["parent_jane"], "grade_item": 5, "score": "100.00", "created_at": "2026-02-09T04:07:09.575Z", "updated_at": "2026-02-09T04:07:09.575Z"}}, {"model": "grades.studentscore", "pk": 12, "fields": {"student": ["Vincy Gam"], "grade_item": 5, "score": "90.00", "created_at": "2026-02-09T04:07:13.828Z", "updated_at": "2026-02-09T04:07:13.828Z"}}, {"model": "grades.studentscore", "pk": 13, "fields": {"student": ["parent_jane"], "grade_item": 7, "score": "9.00", "created_at": "2026-02-09T04:45:58.891Z", "updated_at": "2026-02-09T04:45:58.891Z"}}, {"model": "grades.studentscore", "pk": 14, "fields": {"student": ["Vincy Gam"], "grade_item": 7, "score": "10.00", "created_at": "2026-02-09T04:46:06.350Z", "updated_at": "2026-02-09T04:46:06.350Z"}}, {"model": "grades.studentscore", "pk": 15, "fields": {"student": ["parent_jane"], "grade_item": 8, "score": "10.00", "created_at": "2026-02-09T04:46:38.624Z", "updated_at": "2026-02-09T04:46:38.624Z"}}, {"model": "grades.studentscore", "pk": 16, "fields": {"student": ["parent_jane"], "grade_item": 9, "score": "100.00", "created_at": "2026-02-09T04:47:06.346Z", "updated_at": "2026-02-09T04:47:06.346Z"}}, {"model": "grades.classstanding", "pk": 1, "fields": {"student": ["Vincy Gam"], "subject": 1, "quarter": 1, "score": "100.00"}}, {"model": "grades.classstanding", "pk": 2, "fields": {"student": ["parent_jane"], "subject": 1, "quarter": 1, "score": "100.00"}}, {"model": "grades.classstanding", "pk": 3, "fields": {"student": ["parent_jane"], "subject": 1, "quarter": 2, "score": "90.00"}}, {"model": "announcements.announcement", "pk": 16, "fields": {"title": "TEST", "content": "TEST", "target_role": "teachers", "publish_date": "2026-02-17T17:04:00Z", "created_by": ["ZeckAkali"], "is_active": true, "created_at": "2026-02-17T17:04:15.153Z"}}, {"model": "announcements.announcement", "pk": 17, "fields": {"title": "TEST", "content": "TEST", "target_role": "parent_student", "publish_date": "2026-02-17T17:04:00Z", "created_by": ["ZeckAkali"], "is_active": true, "created_at": "2026-02-17T17:04:32.120Z"}}, {"model": "announcements.announcement", "pk": 18, "fields": {"title": "TEST", "content": "TEST", "target_role": "all", "publish_date": "2026-02-17T17:04:00Z", "created_by": ["ZeckAkali"], "is_active": true, "created_at": "2026-02-17T17:04:58.533Z"}}]
